{
  "171-050623050732-0963057": {
      "id": 5,
      "orderNumber": "171-050623050732-0963057",
      "purchasedDate": "2023-06-05T05:07:32.645+00:00",
      "userId": 26,
      "sumAmount": 1000,
      "totalAmount": 740,
      "redeemedPoints": 100,
      "redeemedPointsAmount": 300,
      "paymentMethod": "Credit Card",
      "refrenceId": 113456,
      "offeredDiscountPrice": 300,
      "offeredDiscountPercent": 30,
      "deliveryCharge": 40,
      "flight": {
          "3520": [
              {
                  "id": 10,
                  "orderScheduledDate": "25-06-2023",
                  "orderNumber": "171-050623050732-0963057",
                  "service": {
                      "id": 99,
                      "serviceName": "Davidoff Brilliant Game EDP",
                      "currency": "QAR",
                      "images": [
                          "https://i.ibb.co/Y7jRX2N/image007.jpg"
                      ],
                      "loyaltyPoints": 19
                  },
                  "purchasedPrice": 150,
                  "unitsPurchased": 1,
                  "invoiceNumber": 7526419,
                  "flightId": 3520,
                  "orderStatus": "Order Confirmed",
                  "flightDetails": {
                      "flightNo": "QR845",
                      "source": "KUL",
                      "destination": "DOH",
                      "scheduleDate": "25-06-2023",
                      "terminal": 1,
                      "gate": null
                  },
                  "orderDeliveredDate": null
              },
              {
                  "id": 11,
                  "orderScheduledDate": "25-06-2023",
                  "orderNumber": "171-050623050732-0963057",
                  "service": {
                      "id": 114,
                      "serviceName": "VTech Paw Patrol Learning Driver",
                      "currency": "QAR",
                      "images": [
                          "https://i.ibb.co/PM9wnm0/image022.jpg"
                      ],
                      "loyaltyPoints": 29
                  },
                  "purchasedPrice": 229,
                  "unitsPurchased": 1,
                  "invoiceNumber": 2414344,
                  "flightId": 3520,
                  "orderStatus": "Order Confirmed",
                  "flightDetails": {
                      "flightNo": "QR845",
                      "source": "KUL",
                      "destination": "DOH",
                      "scheduleDate": "25-06-2023",
                      "terminal": 1,
                      "gate": null
                  },
                  "orderDeliveredDate": null
              }
          ]
      },
      "pickupDrop": {},
      "inspiration": {
          "London ": [
              {
                  "id": 7,
                  "orderScheduledMonth": "Jun-2023",
                  "orderNumber": "171-050623050732-0963057",
                  "service": {
                      "id": 150,
                      "serviceName": "Double Patty Whopper meal",
                      "currency": "QAR",
                      "images": [
                          "https://i.ibb.co/ZNfYmdz/150.jpg"
                      ],
                      "loyaltyPoints": 3
                  },
                  "purchasedPrice": 22,
                  "unitsPurchased": 1,
                  "invoiceNumber": 662298,
                  "location": "London ",
                  "orderStatus": "Order Confirmed",
                  "orderDeliveredDate": null
              }
          ]
      },
      "uncategorized": {
          "uncategorized": [
              {
                  "id": 10,
                  "orderScheduledDate": "10-06-2023",
                  "orderNumber": "171-050623050732-0963057",
                  "service": {
                      "id": 126,
                      "serviceName": "Tanqueray 0.0% Alcohol Free Gin",
                      "currency": "QAR",
                      "images": [
                          "https://i.ibb.co/zPmw6sj/image034.jpg"
                      ],
                      "loyaltyPoints": 8
                  },
                  "purchasedPrice": 65,
                  "unitsPurchased": 1,
                  "invoiceNumber": 3478650,
                  "orderStatus": "Order Confirmed",
                  "orderDeliveredDate": null
              }
          ]
      }
  },
  "171-050623050704-0617137": {
      "id": 4,
      "orderNumber": "171-050623050704-0617137",
      "purchasedDate": "2023-06-05T05:07:04.728+00:00",
      "userId": 26,
      "sumAmount": 1000,
      "totalAmount": 740,
      "redeemedPoints": 100,
      "redeemedPointsAmount": 300,
      "paymentMethod": "Credit Card",
      "refrenceId": 113456,
      "offeredDiscountPrice": 300,
      "offeredDiscountPercent": 30,
      "deliveryCharge": 40,
      "flight": {
          "3520": [
              {
                  "id": 8,
                  "orderScheduledDate": "25-06-2023",
                  "orderNumber": "171-050623050704-0617137",
                  "service": {
                      "id": 99,
                      "serviceName": "Davidoff Brilliant Game EDP",
                      "currency": "QAR",
                      "images": [
                          "https://i.ibb.co/Y7jRX2N/image007.jpg"
                      ],
                      "loyaltyPoints": 19
                  },
                  "purchasedPrice": 150,
                  "unitsPurchased": 1,
                  "invoiceNumber": 122699,
                  "flightId": 3520,
                  "orderStatus": "Order Confirmed",
                  "flightDetails": {
                      "flightNo": "QR845",
                      "source": "KUL",
                      "destination": "DOH",
                      "scheduleDate": "25-06-2023",
                      "terminal": 1,
                      "gate": null
                  },
                  "orderDeliveredDate": null
              },
              {
                  "id": 9,
                  "orderScheduledDate": "25-06-2023",
                  "orderNumber": "171-050623050704-0617137",
                  "service": {
                      "id": 114,
                      "serviceName": "VTech Paw Patrol Learning Driver",
                      "currency": "QAR",
                      "images": [
                          "https://i.ibb.co/PM9wnm0/image022.jpg"
                      ],
                      "loyaltyPoints": 29
                  },
                  "purchasedPrice": 229,
                  "unitsPurchased": 1,
                  "invoiceNumber": 8246248,
                  "flightId": 3520,
                  "orderStatus": "Order Confirmed",
                  "flightDetails": {
                      "flightNo": "QR845",
                      "source": "KUL",
                      "destination": "DOH",
                      "scheduleDate": "25-06-2023",
                      "terminal": 1,
                      "gate": null
                  },
                  "orderDeliveredDate": null
              }
          ]
      },
      "pickupDrop": {},
      "inspiration": {
          "London ": [
              {
                  "id": 6,
                  "orderScheduledMonth": "Jun-2023",
                  "orderNumber": "171-050623050704-0617137",
                  "service": {
                      "id": 150,
                      "serviceName": "Double Patty Whopper meal",
                      "currency": "QAR",
                      "images": [
                          "https://i.ibb.co/ZNfYmdz/150.jpg"
                      ],
                      "loyaltyPoints": 3
                  },
                  "purchasedPrice": 22,
                  "unitsPurchased": 1,
                  "invoiceNumber": 8970521,
                  "location": "London ",
                  "orderStatus": "Order Confirmed",
                  "orderDeliveredDate": null
              }
          ]
      },
      "uncategorized": {
          "uncategorized": [
              {
                  "id": 9,
                  "orderScheduledDate": "10-06-2023",
                  "orderNumber": "171-050623050704-0617137",
                  "service": {
                      "id": 126,
                      "serviceName": "Tanqueray 0.0% Alcohol Free Gin",
                      "currency": "QAR",
                      "images": [
                          "https://i.ibb.co/zPmw6sj/image034.jpg"
                      ],
                      "loyaltyPoints": 8
                  },
                  "purchasedPrice": 65,
                  "unitsPurchased": 1,
                  "invoiceNumber": 3166104,
                  "orderStatus": "Order Confirmed",
                  "orderDeliveredDate": null
              }
          ]
      }
  },
  "171-030623145506-0866846": {
      "id": 3,
      "orderNumber": "171-030623145506-0866846",
      "purchasedDate": "2023-06-03T14:55:06.272+00:00",
      "userId": 26,
      "sumAmount": 1000,
      "totalAmount": 740,
      "redeemedPoints": 100,
      "redeemedPointsAmount": 300,
      "paymentMethod": "Credit Card",
      "refrenceId": 113456,
      "offeredDiscountPrice": 300,
      "offeredDiscountPercent": 30,
      "deliveryCharge": 40,
      "flight": {
          "3231": [
              {
                  "id": 6,
                  "orderScheduledDate": "11-05-2023",
                  "orderNumber": "171-030623145506-0866846",
                  "service": {
                      "id": 131,
                      "serviceName": "Ysl Libre Eau de Parfum",
                      "currency": "QAR",
                      "images": [
                          "https://i.ibb.co/Ny9snVZ/image039.jpg"
                      ],
                      "loyaltyPoints": 83
                  },
                  "purchasedPrice": 660,
                  "unitsPurchased": 1,
                  "invoiceNumber": 5207753,
                  "flightId": 3231,
                  "orderStatus": "Delivered",
                  "flightDetails": {
                      "flightNo": "MH9052",
                      "source": "KUL",
                      "destination": "DOH",
                      "scheduleDate": "11-05-2023",
                      "terminal": 2,
                      "gate": null
                  },
                  "orderDeliveredDate": "2023-05-11"
              },
              {
                  "id": 7,
                  "orderScheduledDate": "11-05-2023",
                  "orderNumber": "171-030623145506-0866846",
                  "service": {
                      "id": 126,
                      "serviceName": "Tanqueray 0.0% Alcohol Free Gin",
                      "currency": "QAR",
                      "images": [
                          "https://i.ibb.co/zPmw6sj/image034.jpg"
                      ],
                      "loyaltyPoints": 8
                  },
                  "purchasedPrice": 65,
                  "unitsPurchased": 1,
                  "invoiceNumber": 2571169,
                  "flightId": 3231,
                  "orderStatus": "Delivered",
                  "flightDetails": {
                      "flightNo": "MH9052",
                      "source": "KUL",
                      "destination": "DOH",
                      "scheduleDate": "11-05-2023",
                      "terminal": 2,
                      "gate": null
                  },
                  "orderDeliveredDate": "2023-05-11"
              }
          ]
      },
      "pickupDrop": {},
      "inspiration": {
          "Phuket ": [
              {
                  "id": 5,
                  "orderScheduledMonth": "May-2023",
                  "orderNumber": "171-030623145506-0866846",
                  "service": {
                      "id": 124,
                      "serviceName": "Nescafe Gold Roastery Dark Roast Instant Coffee",
                      "currency": "QAR",
                      "images": [
                          "https://i.ibb.co/qJM6z2b/image032.jpg"
                      ],
                      "loyaltyPoints": 4
                  },
                  "purchasedPrice": 28,
                  "unitsPurchased": 1,
                  "invoiceNumber": 1053148,
                  "location": "Phuket ",
                  "orderStatus": "Delivered",
                  "orderDeliveredDate": "2023-06-05"
              }
          ]
      },
      "uncategorized": {
          "uncategorized": [
              {
                  "id": 6,
                  "orderScheduledDate": "08-06-2023",
                  "orderNumber": "171-030623145506-0866846",
                  "service": {
                      "id": 154,
                      "serviceName": "Almaha Flower Service",
                      "currency": "QAR",
                      "images": [
                          "https://i.ibb.co/MStQMjW/154.jpg"
                      ],
                      "loyaltyPoints": 19
                  },
                  "purchasedPrice": 150,
                  "unitsPurchased": 1,
                  "invoiceNumber": 8960827,
                  "orderStatus": "Order Confirmed",
                  "orderDeliveredDate": null
              },
              {
                  "id": 7,
                  "orderScheduledDate": "08-06-2023",
                  "orderNumber": "171-030623145506-0866846",
                  "service": {
                      "id": 126,
                      "serviceName": "Tanqueray 0.0% Alcohol Free Gin",
                      "currency": "QAR",
                      "images": [
                          "https://i.ibb.co/zPmw6sj/image034.jpg"
                      ],
                      "loyaltyPoints": 8
                  },
                  "purchasedPrice": 65,
                  "unitsPurchased": 1,
                  "invoiceNumber": 8462500,
                  "orderStatus": "Order Confirmed",
                  "orderDeliveredDate": null
              },
              {
                  "id": 8,
                  "orderScheduledDate": "08-06-2023",
                  "orderNumber": "171-030623145506-0866846",
                  "service": {
                      "id": 95,
                      "serviceName": "Cartier Declaration Essence",
                      "currency": "QAR",
                      "images": [
                          "https://i.ibb.co/qmXZd7z/image003.jpg"
                      ],
                      "loyaltyPoints": 34
                  },
                  "purchasedPrice": 275,
                  "unitsPurchased": 1,
                  "invoiceNumber": 9041209,
                  "orderStatus": "Order Confirmed",
                  "orderDeliveredDate": null
              }
          ]
      }
  },
  "171-030623145313-0225880": {
      "id": 2,
      "orderNumber": "171-030623145313-0225880",
      "purchasedDate": "2023-06-03T14:53:13.065+00:00",
      "userId": 26,
      "sumAmount": 1000,
      "totalAmount": 740,
      "redeemedPoints": 100,
      "redeemedPointsAmount": 300,
      "paymentMethod": "Credit Card",
      "refrenceId": 113456,
      "offeredDiscountPrice": 300,
      "offeredDiscountPercent": 30,
      "deliveryCharge": 40,
      "flight": {
          "3231": [
              {
                  "id": 4,
                  "orderScheduledDate": "11-05-2023",
                  "orderNumber": "171-030623145313-0225880",
                  "service": {
                      "id": 131,
                      "serviceName": "Ysl Libre Eau de Parfum",
                      "currency": "QAR",
                      "images": [
                          "https://i.ibb.co/Ny9snVZ/image039.jpg"
                      ],
                      "loyaltyPoints": 83
                  },
                  "purchasedPrice": 660,
                  "unitsPurchased": 1,
                  "invoiceNumber": 2161535,
                  "flightId": 3231,
                  "orderStatus": "Delivered",
                  "flightDetails": {
                      "flightNo": "MH9052",
                      "source": "KUL",
                      "destination": "DOH",
                      "scheduleDate": "11-05-2023",
                      "terminal": 2,
                      "gate": null
                  },
                  "orderDeliveredDate": "2023-05-11"
              },
              {
                  "id": 5,
                  "orderScheduledDate": "11-05-2023",
                  "orderNumber": "171-030623145313-0225880",
                  "service": {
                      "id": 126,
                      "serviceName": "Tanqueray 0.0% Alcohol Free Gin",
                      "currency": "QAR",
                      "images": [
                          "https://i.ibb.co/zPmw6sj/image034.jpg"
                      ],
                      "loyaltyPoints": 8
                  },
                  "purchasedPrice": 65,
                  "unitsPurchased": 1,
                  "invoiceNumber": 9305534,
                  "flightId": 3231,
                  "orderStatus": "Delivered",
                  "flightDetails": {
                      "flightNo": "MH9052",
                      "source": "KUL",
                      "destination": "DOH",
                      "scheduleDate": "11-05-2023",
                      "terminal": 2,
                      "gate": null
                  },
                  "orderDeliveredDate": "2023-05-11"
              }
          ]
      },
      "pickupDrop": {},
      "inspiration": {
          "Phuket ": [
              {
                  "id": 4,
                  "orderScheduledMonth": "May-2023",
                  "orderNumber": "171-030623145313-0225880",
                  "service": {
                      "id": 124,
                      "serviceName": "Nescafe Gold Roastery Dark Roast Instant Coffee",
                      "currency": "QAR",
                      "images": [
                          "https://i.ibb.co/qJM6z2b/image032.jpg"
                      ],
                      "loyaltyPoints": 4
                  },
                  "purchasedPrice": 28,
                  "unitsPurchased": 1,
                  "invoiceNumber": 2567920,
                  "location": "Phuket ",
                  "orderStatus": "Delivered",
                  "orderDeliveredDate": "2023-06-05"
              }
          ]
      },
      "uncategorized": {
          "uncategorized": [
              {
                  "id": 3,
                  "orderScheduledDate": "08-06-2023",
                  "orderNumber": "171-030623145313-0225880",
                  "service": {
                      "id": 154,
                      "serviceName": "Almaha Flower Service",
                      "currency": "QAR",
                      "images": [
                          "https://i.ibb.co/MStQMjW/154.jpg"
                      ],
                      "loyaltyPoints": 19
                  },
                  "purchasedPrice": 150,
                  "unitsPurchased": 1,
                  "invoiceNumber": 5055788,
                  "orderStatus": "Order Confirmed",
                  "orderDeliveredDate": null
              },
              {
                  "id": 4,
                  "orderScheduledDate": "08-06-2023",
                  "orderNumber": "171-030623145313-0225880",
                  "service": {
                      "id": 126,
                      "serviceName": "Tanqueray 0.0% Alcohol Free Gin",
                      "currency": "QAR",
                      "images": [
                          "https://i.ibb.co/zPmw6sj/image034.jpg"
                      ],
                      "loyaltyPoints": 8
                  },
                  "purchasedPrice": 65,
                  "unitsPurchased": 1,
                  "invoiceNumber": 9882315,
                  "orderStatus": "Order Confirmed",
                  "orderDeliveredDate": null
              },
              {
                  "id": 5,
                  "orderScheduledDate": "08-06-2023",
                  "orderNumber": "171-030623145313-0225880",
                  "service": {
                      "id": 95,
                      "serviceName": "Cartier Declaration Essence",
                      "currency": "QAR",
                      "images": [
                          "https://i.ibb.co/qmXZd7z/image003.jpg"
                      ],
                      "loyaltyPoints": 34
                  },
                  "purchasedPrice": 275,
                  "unitsPurchased": 1,
                  "invoiceNumber": 2794391,
                  "orderStatus": "Order Confirmed",
                  "orderDeliveredDate": null
              }
          ]
      }
  }
}