[
  {  "category":"Parking",    
  "fields": [
    {"label": "Start Date and Time:","name": "Arrival_Date","required": true,"type": "datetime-local"},
    {"label": "End Date and Time:","name": "Departure_Date","required": true,"type": "datetime-local"}
    
]},

{"category": "Lounge",
"fields": [
  {"label": "Date and Time:", "type": "datetime-local","name":"DateofVisit", "required": true},
  {"label": "Number of Adults:","name": "num_guests","required": true,"type": "number","min":"1" ,"max":"3"},
  {"label": "Number of Children:","name": "num_children","type": "number","min":"1" ,"max":"3"}
]},


{"category": "Passenger Service",
"fields": [
  {"label": "Date and Time:", "type": "datetime-local","name":"DateofVisit", "required": true},
  {"label": "Number of Guest:","name": "num_guests","required": true,"type": "number","min":"1" ,"max":"3"}
]},
{"category": "Services",
"fields": [
  {"label": "Date and Time:","name": "preferred_date_time","required": true,"type": "datetime-local"}
]},

{"category": "Shopping",
"fields": [
  {"label": "Quantity:","name": "num_items","required": true,"type": "number","min":"1" ,"max":"5"}
  ]}

]
