[
  {"category": "Parking",
      "fields": [
        {"label": "Registration Number", "type": "text","name":"RegistrationNumber", "required": true, "validation": "alphanumeric"},
        {"label": "Passenger Name", "type": "text","name":"PassengerName", "validation": "string"},
        {"label": "Flight Number", "type": "text", "name":"FlightNumber", "validation": "alphanumeric"},
        {"label": "Mobile Number", "type": "tel","name":"mobileno","required": false},
        {"label": "Email Address", "type": "email","name":"EmailAddress" }
      ]
  },
    {"category": "Lounge",
      "fields": [
    
        {"label": "Mobile Number", "type": "tel", "name":"mobileno", "required": false},
        {"label": "Email Address", "type": "email","name":"EmailAddress", "validation": "email"}
        
      ]
    },
    {"category": "Shopping",
    "fields":[
        {"label": "Customer Name", "type": "text","name":"PassengerName", "validation": "string"},
        {"label": "Mobile Number", "type": "tel", "name":"mobileno", "required": false},
        {"label": "Email Address", "type": "email","name":"EmailAddress", "required": false}
    ]
  },
    
  {"category": "Services",
  "fields":[
        {"label": "Customer Name", "type":"text","name":"PassengerName","validation": "string"},
        {"label": "Mobile Number", "type": "tel", "name":"mobileno", "required": false},
        {"label": "Therapist Gender Preference", "type": "radio","name":"TherapistGender", "required": true, "options": ["No Preference", "Male", "Female"]}
      ]
    }, {"category": "Passenger Service",
      "fields":[
            {"label": "Customer Name", "type":"text","name":"PassengerName", "validation": "string"},
            {"label": "Mobile Number", "type": "tel", "name":"mobileno", "required": false}
           
          ]
        }
    ]