[
  {
    "title": "Samsung Galaxy M14 5G",
    "imgpath": "/images/temp/product-01.svg",
    "description": "Lorem Ipsum is simply dummy text of the printing and typesetting industry."
  },
  {
    "title": "Valet Parking",
    "imgpath": "/images/temp/product-02.svg",
    "description": "Lorem Ipsum is simply dummy text of the printing and typesetting industry."
  },
  {
    "title": "VIP Lounge Access",
    "imgpath": "/images/temp/product-03.svg",
    "description": "Lorem Ipsum is simply dummy text of the printing and typesetting industry.Lorem Ipsum is simply dummy text of the printing and typesetting industry.",
    "showPrice":true
  },
  {
    "title": "Bose Headset",
    "imgpath": "/images/temp/product-04.svg",
    "description": "Lorem Ipsum is simply dummy text",
    "showPrice":true
  },
  {
    "title": "VIP Lounge Access",
    "imgpath": "/images/temp/product-03.svg",
    "description": "Lorem Ipsum is simply dummy text of the printing and typesetting industry."
  },
  {
    "title": "Samsung Galaxy M14 5G",
    "imgpath": "/images/temp/product-01.svg",
    "description": "Lorem Ipsum is simply dummy text of the printing and typesetting industry."
  },
  {
    "title": "Valet Parking",
    "imgpath": "/images/temp/product-02.svg",
    "description": "Lorem Ipsum is simply dummy text of the printing and typesetting industry."
  },
  {
    "title": "Samsung Galaxy M14 5G",
    "imgpath": "/images/temp/product-01.svg",
    "description": "Lorem Ipsum is simply dummy text of the printing and typesetting industry."
  }
]